2051b4c35b93b6dd0ee09457426a514fa5349c59,DELETE,regular-file,extras/V4-network/APKs/dcc-sheet-20250905-1426.apk,43452849,
d5e4d0c23ac12ed6be72ad73d5a5c2012b340c7b,DELETE,regular-file,extras/V4-network/APKs/dcc-sheet-20250905-1444.apk,43455153,
9b93ff2a3639125c1a6266c19d66cc448b9bd94b,DELETE,regular-file,extras/V4-network/APKs/dcc-sheet-20250905-1448.apk,43455125,
9b93ff2a3639125c1a6266c19d66cc448b9bd94b,DELETE,regular-file,extras/V4-network/APKs/dcc-sheet-20250905-1450.apk,43455125,
f6c88115f9580e222037269356bd39665471b2b2,DELETE,regular-file,extras/V4-network/APKs/dcc-sheet-20250905-1505.apk,43455309,
773a644f167ed5c03305dca6800f35daef485639,DELETE,regular-file,extras/V4-network/Cordova/DCWorld/builds/dcc-sheet-20250826-2042.apk,4528549,
887f1b150dae75da91ffa12a00bc26ef3927b956,DELETE,regular-file,extras/V4-network/Cordova/DCWorld/builds/dcc-sheet-20250901-1021.apk,55471058,
47ef58cbeffecc8d35775601acf7e92ed98c3fb2,DELETE,regular-file,extras/V4-network/Cordova/DCWorld/builds/dcc-sheet-20250902-0019.apk,59586668,
30e213c7c93777cf90ff95a4a918711fde08a62c,DELETE,regular-file,extras/V4-network/Cordova/DCWorld/builds/dcc-sheet-20250905-1107.apk,43366739,
30e213c7c93777cf90ff95a4a918711fde08a62c,DELETE,regular-file,extras/V4-network/Cordova/DCWorld/builds/dcc-sheet-20250905-1109.apk,43366739,
92df5fb34e5942c53c00083a230003865fac32b9,DELETE,regular-file,extras/V4-network/Cordova/DCWorld/builds/dcc-sheet-20250905-1423.apk,43452725,
2051b4c35b93b6dd0ee09457426a514fa5349c59,DELETE,regular-file,extras/V4-network/Cordova/DCWorld/builds/dcc-sheet-20250905-1426.apk,43452849,
d5e4d0c23ac12ed6be72ad73d5a5c2012b340c7b,DELETE,regular-file,extras/V4-network/Cordova/DCWorld/builds/dcc-sheet-20250905-1444.apk,43455153,
9b93ff2a3639125c1a6266c19d66cc448b9bd94b,DELETE,regular-file,extras/V4-network/Cordova/DCWorld/builds/dcc-sheet-20250905-1448.apk,43455125,
9b93ff2a3639125c1a6266c19d66cc448b9bd94b,DELETE,regular-file,extras/V4-network/Cordova/DCWorld/builds/dcc-sheet-20250905-1450.apk,43455125,
f6c88115f9580e222037269356bd39665471b2b2,DELETE,regular-file,extras/V4-network/Cordova/DCWorld/builds/dcc-sheet-20250905-1505.apk,43455309,
2051b4c35b93b6dd0ee09457426a514fa5349c59,DELETE,regular-file,v5/APKs/dcc-sheet-20250905-1426.apk,43452849,
d5e4d0c23ac12ed6be72ad73d5a5c2012b340c7b,DELETE,regular-file,v5/APKs/dcc-sheet-20250905-1444.apk,43455153,
9b93ff2a3639125c1a6266c19d66cc448b9bd94b,DELETE,regular-file,v5/APKs/dcc-sheet-20250905-1448.apk,43455125,
9b93ff2a3639125c1a6266c19d66cc448b9bd94b,DELETE,regular-file,v5/APKs/dcc-sheet-20250905-1450.apk,43455125,
f6c88115f9580e222037269356bd39665471b2b2,DELETE,regular-file,v5/APKs/dcc-sheet-20250905-1505.apk,43455309,
773a644f167ed5c03305dca6800f35daef485639,DELETE,regular-file,v5/Cordova/DCWorld/builds/dcc-sheet-20250826-2042.apk,4528549,
887f1b150dae75da91ffa12a00bc26ef3927b956,DELETE,regular-file,v5/Cordova/DCWorld/builds/dcc-sheet-20250901-1021.apk,55471058,
47ef58cbeffecc8d35775601acf7e92ed98c3fb2,DELETE,regular-file,v5/Cordova/DCWorld/builds/dcc-sheet-20250902-0019.apk,59586668,
30e213c7c93777cf90ff95a4a918711fde08a62c,DELETE,regular-file,v5/Cordova/DCWorld/builds/dcc-sheet-20250905-1107.apk,43366739,
30e213c7c93777cf90ff95a4a918711fde08a62c,DELETE,regular-file,v5/Cordova/DCWorld/builds/dcc-sheet-20250905-1109.apk,43366739,
92df5fb34e5942c53c00083a230003865fac32b9,DELETE,regular-file,v5/Cordova/DCWorld/builds/dcc-sheet-20250905-1423.apk,43452725,
2051b4c35b93b6dd0ee09457426a514fa5349c59,DELETE,regular-file,v5/Cordova/DCWorld/builds/dcc-sheet-20250905-1426.apk,43452849,
d5e4d0c23ac12ed6be72ad73d5a5c2012b340c7b,DELETE,regular-file,v5/Cordova/DCWorld/builds/dcc-sheet-20250905-1444.apk,43455153,
9b93ff2a3639125c1a6266c19d66cc448b9bd94b,DELETE,regular-file,v5/Cordova/DCWorld/builds/dcc-sheet-20250905-1448.apk,43455125,
9b93ff2a3639125c1a6266c19d66cc448b9bd94b,DELETE,regular-file,v5/Cordova/DCWorld/builds/dcc-sheet-20250905-1450.apk,43455125,
f6c88115f9580e222037269356bd39665471b2b2,DELETE,regular-file,v5/Cordova/DCWorld/builds/dcc-sheet-20250905-1505.apk,43455309,
